Date,Daily Visitors
1/10/2023,2654
2/10/2023,2000
3/10/2023,2001
4/10/2023,2002
5/10/2023,2003
6/10/2023,2004
7/10/2023,2005
8/10/2023,2006
9/10/2023,2007
10/10/2023,2008
11/10/2023,2009
12/10/2023,2010
13-10-2023,2011
14-10-2023,2012
15-10-2023,2013
16-10-2023,2014
17-10-2023,2015
18-10-2023,2016
19-10-2023,2017
20-10-2023,2018
21-10-2023,2019
22-10-2023,2020
23-10-2023,2021
24-10-2023,2022
25-10-2023,2023
26-10-2023,2024
27-10-2023,2025
28-10-2023,2026
29-10-2023,2027
30-10-2023,2028
31-10-2023,2029
1/11/2023,2030
2/11/2023,2031
3/11/2023,2032
4/11/2023,2033
5/11/2023,2034
6/11/2023,2035
7/11/2023,2036
8/11/2023,2037
9/11/2023,2038
10/11/2023,2039
11/11/2023,2040
12/11/2023,2041
13-11-2023,2042
14-11-2023,2043
15-11-2023,2044
16-11-2023,2045
17-11-2023,2046
18-11-2023,2047
19-11-2023,2048
20-11-2023,2049
21-11-2023,2050
22-11-2023,2051
23-11-2023,2052
24-11-2023,2053
25-11-2023,2054
26-11-2023,2055
27-11-2023,2056
28-11-2023,2057
29-11-2023,2058
30-11-2023,2059
1/12/2023,2060
2/12/2023,2061
3/12/2023,2062
4/12/2023,2063
5/12/2023,2064
6/12/2023,2065
7/12/2023,2066
8/12/2023,2067
9/12/2023,2068
10/12/2023,2069
11/12/2023,2070
12/12/2023,2071
13-12-2023,2072
14-12-2023,2073
15-12-2023,2074
16-12-2023,2075
17-12-2023,2076
18-12-2023,2077
19-12-2023,2078
20-12-2023,2079
21-12-2023,2080
22-12-2023,2081
23-12-2023,2082
24-12-2023,2083
25-12-2023,2084
26-12-2023,2085
27-12-2023,2086
28-12-2023,2087
29-12-2023,2088
30-12-2023,2089
31-12-2023,2090
1/1/2024,2091
2/1/2024,2092
3/1/2024,2093
4/1/2024,2094
5/1/2024,2095
6/1/2024,2096
7/1/2024,2097
8/1/2024,2098
9/1/2024,2099
10/1/2024,2100
11/1/2024,2101
12/1/2024,2102
13-01-2024,2103
14-01-2024,2104
15-01-2024,2105
16-01-2024,2106
17-01-2024,2107
18-01-2024,2108
19-01-2024,2109
20-01-2024,2110
21-01-2024,2111
22-01-2024,2112
23-01-2024,2113
24-01-2024,2114
25-01-2024,2115
26-01-2024,2116
27-01-2024,2117
28-01-2024,2118
29-01-2024,2119
30-01-2024,2120
31-01-2024,2121
1/2/2024,2122
2/2/2024,2123
3/2/2024,2124
4/2/2024,2125
5/2/2024,2126
6/2/2024,2127
7/2/2024,2128
8/2/2024,2129
9/2/2024,2130
10/2/2024,2131
11/2/2024,2132
12/2/2024,2133
13-02-2024,2134
14-02-2024,2135
15-02-2024,2136
16-02-2024,2137
17-02-2024,2138
18-02-2024,2139
19-02-2024,2140
20-02-2024,2141
21-02-2024,2142
22-02-2024,2143
23-02-2024,2144
24-02-2024,2145
25-02-2024,2146
26-02-2024,2147
27-02-2024,2148
28-02-2024,2149
1/3/2024,2150
2/3/2024,2151
3/3/2024,2152
4/3/2024,2153
5/3/2024,2154
6/3/2024,2155
7/3/2024,2156
8/3/2024,2157
9/3/2024,2158
10/3/2024,2159
11/3/2024,2160
12/3/2024,2161
13-03-2024,2162
14-03-2024,2163
15-03-2024,2164
16-03-2024,2165
17-03-2024,2166
18-03-2024,2167
19-03-2024,2168
20-03-2024,2169
21-03-2024,2170
22-03-2024,2171
